,City ID,City Name,Cloudiness,Country,Date,Humidity,Latitude,Longitude,Max Temperature,Wind Speed
0,2126123,Chokurdakh,40,RU,1658710728,34,70.6333,147.9167,69.31,11.3
1,3435038,Dolores,100,AR,1658710773,91,-36.3132,-57.6792,51.76,10.18
2,3833367,Ushuaia,40,AR,1658710585,64,-54.8,-68.3,35.26,5.75
3,5122534,Jamestown,97,US,1658710725,83,42.097,-79.2353,74.79,5.99
4,2246901,Oussouye,73,SN,1658710773,88,12.485,-16.5469,75.29,3.69
5,3831208,Qaanaaq,100,GL,1658710774,92,77.484,-69.3632,40.55,0.38
6,3874787,Punta Arenas,0,CL,1658710756,75,-53.15,-70.9167,37.51,9.22
7,1267390,Kavaratti,100,IN,1658710747,74,10.5669,72.642,81.23,15.84
8,1695546,Pandan,32,PH,1658710774,72,14.0453,124.1694,85.51,4.83
9,3617154,Puerto Cabezas,100,NI,1658710774,87,14.0351,-83.3888,78.13,7.47
10,2208248,Kaitangata,100,NZ,1658710775,92,-46.2817,169.8464,44.04,6.31
11,889191,Karoi,0,ZW,1658710775,66,-16.8099,29.6925,54.32,4.25
12,5106841,Albany,99,US,1658710655,83,42.6001,-73.9662,75.58,6.51
13,244878,Biltine,75,TD,1658710775,50,14.5333,20.9167,85.12,8.23
14,3899695,Ancud,92,CL,1658710775,94,-41.8697,-73.8203,47.23,7.11
15,1006984,East London,68,ZA,1658710776,58,-33.0153,27.9116,58.86,5.93
16,3366880,Hermanus,0,ZA,1658710758,83,-34.4187,19.2345,49.42,11.18
17,6145890,Shelburne,86,CA,1658710776,98,44.0787,-80.2041,70.25,12.06
18,1863997,Fukuechō,40,JP,1658710776,83,32.6881,128.8419,80.96,2.3
19,964432,Port Alfred,94,ZA,1658710777,57,-33.5906,26.891,58.78,4.5
20,4006387,Etchoropo,7,MX,1658710777,62,26.7667,-109.6667,93.42,11.59
21,569269,Cheremushskiy,100,RU,1658710777,98,61.2731,47.2636,61.88,3.33
22,3443061,Chui,83,UY,1658710777,99,-33.6971,-53.4616,57.09,4.74
23,3674702,Miranda,71,CO,1658710778,95,3.2499,-76.2281,71.73,3.06
24,2654970,Brae,100,GB,1658710778,93,60.3964,-1.353,52.7,16.06
25,7521944,Sangre Grande,58,TT,1658710778,85,10.5835,-61.1177,80.56,6.08
26,5478673,Meadow Lake,97,US,1658710779,40,34.8014,-106.5436,90.88,7.56
27,934649,Cap Malheureux,4,MU,1658710779,75,-19.9842,57.6142,64.47,5.01
28,4030556,Rikitea,33,PF,1658710779,80,-23.1203,-134.9692,75.4,15.75
29,5105168,Sussex,100,US,1658710780,81,41.1834,-74.6663,87.93,1.01
30,4034496,Fare,2,PF,1658710780,78,-16.7,-151.0167,78.33,12.55
31,6201424,Mataura,64,NZ,1658710780,82,-46.1927,168.8643,41.49,4.23
32,4034551,Faanui,1,PF,1658710780,77,-16.4833,-151.75,78.35,12.41
33,935215,Saint-Philippe,36,RE,1658710781,79,-21.3585,55.7679,65.21,6.06
34,5742974,North Bend,37,US,1658710781,85,43.4065,-124.2243,82.24,3.0
35,5880054,Barrow,100,US,1658710770,87,71.2906,-156.7887,42.82,11.5
36,964420,Port Elizabeth,75,ZA,1658710781,100,-33.918,25.5701,53.1,4.61
37,1507390,Dikson,100,RU,1658710782,97,73.5069,80.5464,46.9,11.54
38,3576994,Cockburn Town,8,TC,1658710782,79,21.4612,-71.1419,81.79,21.3
39,6089245,Norman Wells,75,CA,1658710782,55,65.282,-126.8329,66.24,4.61
40,3984997,San Quintín,77,MX,1658710782,74,30.4833,-115.95,70.61,10.63
41,5803990,Moses Lake,32,US,1658710783,11,47.1301,-119.2781,101.88,1.01
42,5919915,Chapleau,75,CA,1658710783,77,47.8405,-83.4034,64.49,6.91
43,1121143,Zabul Province,100,AF,1658710784,59,32.25,67.25,73.6,8.68
44,3402648,Carutapera,100,BR,1658710729,91,-1.195,-46.02,76.17,5.14
45,86049,Jalu,0,LY,1658710784,52,29.0331,21.5482,78.78,8.95
46,1517323,Zhanakorgan,0,KZ,1658710784,22,43.9098,67.2495,85.21,15.01
47,1517637,Ushtobe,0,KZ,1658710736,37,45.2514,77.9838,73.02,14.0
48,1819729,Hong Kong,15,HK,1658710527,77,22.2855,114.1577,92.25,5.99
49,1068971,Antsohihy,0,MG,1658710785,77,-14.8796,47.9875,64.31,5.14
50,2181625,Te Anau,98,NZ,1658710785,73,-45.4167,167.7167,44.78,2.01
51,1015776,Bredasdorp,0,ZA,1658710744,88,-34.5322,20.0403,46.38,6.62
52,4035715,Avarua,40,CK,1658710785,68,-21.2078,-159.775,69.85,9.22
53,2075265,Busselton,100,AU,1658710785,64,-33.65,115.3333,60.13,17.05
54,5495360,Tucumcari,98,US,1658710786,22,35.1717,-103.725,93.94,8.23
55,6170031,Tuktoyaktuk,40,CA,1658710752,87,69.4541,-133.0374,46.4,9.22
56,780687,Berlevåg,100,NO,1658710786,93,70.8578,29.0864,49.8,6.91
57,2063042,Port Hedland,0,AU,1658710786,34,-20.3167,118.5667,68.05,13.8
58,1805733,Jinchang,1,CN,1658710787,21,38.4953,102.1739,82.35,3.33
59,2126682,Bilibino,40,RU,1658710787,46,68.0546,166.4372,57.94,13.04
60,2738381,Lata,1,PT,1658710787,92,40.1629,-8.3327,57.11,1.83
61,4020109,Atuona,1,PF,1658710784,62,-9.8,-139.0333,76.53,12.95
62,2155415,New Norfolk,75,AU,1658710749,77,-42.7826,147.0587,52.92,2.44
63,2018735,Nyurba,49,RU,1658710788,60,63.2842,118.3319,77.58,9.42
64,3924610,Achacachi,51,BO,1658710788,78,-16.05,-68.6833,43.43,6.49
65,3652764,Puerto Ayora,94,EC,1658710788,90,-0.7393,-90.3518,69.55,4.0
66,4032243,Vaini,20,TO,1658710789,78,-21.2,-175.2,77.16,11.5
67,10722858,Forsytheganj,8,BY,1658710789,98,52.6333,29.7333,56.23,7.02
68,3522788,Nautla,61,MX,1658710789,72,20.2167,-96.7833,82.89,17.49
69,2638853,St Austell,75,GB,1658710789,94,50.3383,-4.7658,63.32,13.8
70,5848280,Kapaa,5,US,1658710790,71,22.0752,-159.319,85.98,5.99
71,5557293,Sitka,100,US,1658710606,99,57.0531,-135.33,56.77,5.77
72,935214,Saint-Pierre,0,RE,1658710790,68,-21.3393,55.4781,65.28,6.91
73,933077,Shakawe,0,BW,1658710791,45,-18.3667,21.85,57.4,4.94
74,4033356,Tiarei,11,PF,1658710791,80,-17.5333,-149.3333,80.62,14.58
75,986717,Kruisfontein,86,ZA,1658710727,82,-34.0033,24.7314,50.88,3.42
76,2121385,Severo-Kuril'sk,100,RU,1658710791,98,50.6789,156.125,51.8,15.08
77,5955902,Fort Nelson,75,CA,1658710791,37,58.8053,-122.7002,71.19,3.44
78,154380,Mbeya,21,TZ,1658710792,91,-8.9,33.45,51.46,6.04
79,1835848,Seoul,20,KR,1658710792,76,37.5683,126.9778,83.59,4.61
80,933995,Souillac,55,MU,1658710734,81,-20.5167,57.5167,66.79,5.95
81,5282297,Bethel,90,US,1658710792,79,41.3712,-73.414,82.76,3.42
82,3867427,Mayor Pablo Lagerenza,0,PY,1658710793,35,-19.9309,-60.7718,79.14,6.33
83,2015306,Tiksi,55,RU,1658710793,72,71.6872,128.8694,48.92,3.78
84,3466980,Caravelas,100,BR,1658710793,81,-17.7125,-39.2481,70.41,5.57
85,1282256,Hithadhoo,96,MV,1658710749,73,-0.6,73.0833,81.81,7.56
86,5233053,Yankton,100,US,1658710794,36,42.8711,-97.3973,85.12,7.72
87,2130741,Abashiri,75,JP,1658710794,88,44.0213,144.2697,67.95,2.3
88,3466704,Castro,100,BR,1658710772,73,-24.7911,-50.0119,58.86,2.91
89,2074865,Carnarvon,0,AU,1658710794,47,-24.8667,113.6333,58.48,16.89
90,525426,Sobolevo,32,RU,1658710795,98,54.4299,31.8996,56.28,6.87
91,1214488,Meulaboh,100,ID,1658710795,91,4.1363,96.1285,75.49,2.98
92,3369157,Cape Town,0,ZA,1658710728,82,-33.9258,18.4232,57.38,2.3
93,4529987,Bartlesville,73,US,1658710590,39,36.7473,-95.9808,100.78,9.78
94,1735106,George Town,20,MY,1658710573,93,5.4112,100.3354,80.53,3.44
95,4793846,Williamsburg,4,US,1658710597,77,37.2707,-76.7075,86.0,1.01
96,1831173,Kampong Cham,6,KH,1658710795,79,11.9934,105.4635,81.12,4.65
97,3393115,Paracuru,57,BR,1658710796,77,-3.41,-39.0306,80.11,12.68
98,3395062,Maués,56,BR,1658710750,63,-3.3836,-57.7186,79.48,0.65
99,5983720,Iqaluit,40,CA,1658710779,87,63.7506,-68.5145,47.93,3.44
100,3671450,Inírida,62,CO,1658710796,97,3.8653,-67.9239,71.06,1.66
101,1071296,Antalaha,56,MG,1658710731,88,-14.9003,50.2788,66.4,6.2
102,3985710,Cabo San Lucas,13,MX,1658710797,73,22.8909,-109.9124,89.62,5.01
103,3893726,Constitución,100,CL,1658710745,95,-35.3333,-72.4167,52.84,8.41
104,4835461,Groton,94,US,1658710797,79,41.3501,-72.0784,82.02,7.0
105,6165406,Thompson,20,CA,1658710797,37,55.7435,-97.8558,71.76,3.44
106,2063036,Port Lincoln,7,AU,1658710797,56,-34.7333,135.8667,57.34,22.68
107,3421719,Narsaq,100,GL,1658710798,69,60.9167,-46.05,49.51,5.1
108,5866583,Saint Paul Harbor,100,US,1658710798,98,57.79,-152.4072,52.81,7.38
109,3533462,Acapulco de Juárez,100,MX,1658710625,79,16.8634,-99.8901,81.84,2.42
110,1862505,Hirara,40,JP,1658710798,74,24.8,125.2833,89.46,5.75
111,2820693,Tuttlingen,0,DE,1658710799,75,47.9833,8.8167,66.76,1.21
112,4021858,Guerrero Negro,18,MX,1658710799,70,27.9769,-114.0611,72.57,16.17
113,1710519,Isabela,100,PH,1658710799,69,6.7085,121.9711,84.25,2.24
114,5935341,Dauphin,0,CA,1658710799,46,51.1494,-100.0502,71.74,10.36
115,528278,Mayna,55,RU,1658710800,91,54.1135,47.6231,61.12,4.07
116,6167817,Torbay,20,CA,1658710800,74,47.6666,-52.7314,74.17,16.11
117,1528998,Yumen,39,CN,1658710801,24,40.2833,97.2,80.49,14.29
118,2140558,Koumac,0,NC,1658710801,60,-20.5667,164.2833,76.15,8.32
119,2206939,Bluff,15,NZ,1658710801,78,-46.6,168.3333,41.81,10.87
120,2022572,Khatanga,100,RU,1658710797,76,71.9667,102.5,66.34,14.09
121,2264557,Ponta do Sol,0,PT,1658710802,36,32.6667,-17.1,84.13,3.15
122,3421982,Maniitsoq,0,GL,1658710803,82,65.4167,-52.9,45.03,13.04
123,5592562,Emmett,0,US,1658710803,18,43.8735,-116.4993,94.19,3.0
124,1685925,Sogod,63,PH,1658710803,67,10.3847,124.9814,86.72,3.71
125,2180815,Tuatapere,64,NZ,1658710804,75,-46.1333,167.6833,45.64,3.65
126,6185377,Yellowknife,75,CA,1658710762,88,62.456,-114.3525,61.32,10.36
127,2309528,Luba,97,GQ,1658710804,84,3.4568,8.5547,75.49,7.58
128,3663529,Manacapuru,90,BR,1658710806,66,-3.2997,-60.6206,81.52,4.14
129,1650527,Balikpapan,40,ID,1658710806,94,-1.2675,116.8289,77.99,9.22
130,2163355,Hobart,75,AU,1658710723,95,-42.8794,147.3294,53.26,5.75
131,5855927,Hilo,93,US,1658710514,76,19.7297,-155.09,84.27,4.0
132,145531,Saurimo,13,AO,1658710807,36,-9.6608,20.3916,60.31,4.61
133,1490256,Talnakh,96,RU,1658710775,71,69.4865,88.3972,56.21,27.29
134,3883457,Lebu,100,CL,1658710775,92,-37.6167,-73.65,53.42,13.76
135,1800163,Nanchang,0,CN,1658710806,58,28.6833,115.8833,92.05,3.51
136,546105,Nikolskoye,72,RU,1658710762,97,59.7035,30.7861,62.49,3.44
137,5563839,Fortuna,26,US,1658710808,74,40.5982,-124.1573,64.92,7.0
138,2123814,Leningradskiy,100,RU,1658710800,94,69.3833,178.4167,35.11,4.14
139,117656,Salmās,0,IR,1658710808,84,38.1973,44.7653,59.14,3.96
140,3421319,Nuuk,100,GL,1658710809,92,64.1835,-51.7216,42.01,9.06
141,2025256,Chumikan,100,RU,1658710810,97,54.7183,135.315,56.5,8.46
142,292968,Abu Dhabi,0,AE,1658710638,80,24.4667,54.3667,93.31,2.3
143,5767918,Pierre,56,US,1658710810,46,44.3683,-100.351,82.85,7.0
144,1235846,Matara,100,LK,1658710811,85,5.9485,80.5353,78.46,13.49
145,286621,Salalah,100,OM,1658710811,95,17.0151,54.0924,75.51,7.54
146,6620339,Karratha,0,AU,1658710812,34,-20.7377,116.8463,67.21,24.61
147,3402429,Caucaia,40,BR,1658710812,75,-3.7361,-38.6531,80.55,14.97
148,2171099,Codrington,100,AU,1658710813,91,-38.2667,141.9667,54.19,17.47
149,2070998,Geraldton,0,AU,1658710807,81,-28.7667,114.6,48.61,14.97
150,934322,Mahébourg,59,MU,1658710755,74,-20.4081,57.7,64.26,7.11
151,3423146,Ilulissat,97,GL,1658710813,95,69.2167,-51.1,37.67,2.19
152,2013465,Verkhoyansk,2,RU,1658710814,56,67.5447,133.385,71.38,1.86
153,4016086,Calvillo,100,MX,1658710814,66,21.85,-102.7167,68.5,3.87
154,1861084,Izumo,89,JP,1658710814,75,35.3667,132.7667,81.5,4.56
155,2122090,Pevek,90,RU,1658710814,88,69.7008,170.3133,35.91,2.89
156,1215502,Banda Aceh,100,ID,1658710815,82,5.5577,95.3222,79.25,9.33
157,3557758,Guane,75,CU,1658710815,72,22.2025,-84.0875,80.24,4.36
158,3393692,Itarema,100,BR,1658710816,77,-2.9248,-39.9167,79.38,15.73
159,1516589,Zhezkazgan,0,KZ,1658710816,34,47.8043,67.7144,64.38,11.18
160,2122605,Okhotsk,100,RU,1658710816,92,59.3833,143.3,54.59,10.92
161,974719,Molteno,6,ZA,1658710816,88,-31.3968,26.3625,32.99,5.93
162,2965761,Carndonagh,100,IE,1658710817,97,55.25,-7.2667,57.63,10.94
163,2126710,Beringovskiy,100,RU,1658710817,76,63.05,179.3167,45.41,13.2
164,4726521,San Patricio,0,US,1658710772,62,28.017,-97.5169,88.52,16.55
165,1272140,Dwārka,97,IN,1658710818,84,22.2394,68.9678,81.59,22.5
166,60019,Eyl,12,SO,1658710818,74,7.9803,49.8164,75.88,21.23
167,2294915,Takoradze,86,GH,1658710819,88,4.8845,-1.7554,73.11,7.61
168,4508204,Centerville,40,US,1658710534,83,39.6284,-84.1594,82.45,9.22
169,2110227,Butaritari,20,KI,1658710734,73,3.0707,172.7902,82.63,20.74
170,1849154,Ushibukamachi,15,JP,1658710819,86,32.1906,130.0228,82.08,5.21
171,2214846,Misratah,0,LY,1658710819,65,32.3754,15.0925,81.03,8.93
172,3421765,Nanortalik,100,GL,1658710820,82,60.1432,-45.2371,46.83,1.95
173,6173220,Valleyview,100,CA,1658710820,53,55.0667,-117.2859,67.06,7.85
174,2381972,Adrar,5,MR,1658710820,7,20.5022,-10.0711,95.61,10.13
175,5294810,Flagstaff,20,US,1658710587,70,35.1981,-111.6513,82.06,11.5
176,3424607,Tasiilaq,86,GL,1658710821,87,65.6145,-37.6368,41.16,4.27
177,1056899,Sambava,1,MG,1658710821,86,-14.2667,50.1667,66.78,9.26
178,1513087,Nurota,0,UZ,1658710821,30,40.5614,65.6886,81.43,4.7
179,1859964,Kaseda-shirakame,13,JP,1658710822,80,31.4167,130.3167,83.79,3.6
180,248843,Jāwā,0,JO,1658710822,53,31.8525,35.9393,67.17,5.59
181,107304,Buraidah,94,SA,1658710822,17,26.326,43.975,86.4,6.93
182,640276,Raahe,100,FI,1658710823,71,64.6833,24.4833,51.89,4.85
183,2800321,Chiny,0,BE,1658710823,60,49.7333,5.3333,70.34,3.4
184,1636426,Manggar,47,ID,1658710823,79,-2.8833,108.2667,81.82,14.61
185,5882953,Aklavik,19,CA,1658710823,50,68.2191,-135.0107,62.44,5.17
186,3361934,Saldanha,0,ZA,1658710824,63,-33.0117,17.9442,50.92,9.55
187,2139521,Noumea,45,NC,1658710824,99,-22.2763,166.4572,76.98,9.28
188,1512223,Abalak,96,RU,1658710824,75,58.1286,68.5944,58.55,5.39
189,167357,Manbij,0,SY,1658710825,29,36.5281,37.9549,74.17,14.05
190,1685422,Sulangan,75,PH,1658710825,72,11.1373,123.7228,83.64,3.91
191,5101405,Morris,40,US,1658710825,57,40.8334,-74.5329,90.16,5.75
192,1633419,Padang,100,ID,1658710794,95,-0.9492,100.3543,75.25,3.71
193,2512730,Peñarroya-Pueblonuevo,36,ES,1658710825,24,38.3,-5.2667,84.45,2.48
194,1800107,Nanding,7,CN,1658710826,57,36.7483,118.0558,85.3,6.26
195,159134,Inyonga,46,TZ,1658710826,48,-6.7167,32.0667,68.72,6.93
196,6111862,Port Hardy,81,CA,1658710827,78,50.6996,-127.4199,63.41,14.94
197,3899539,Antofagasta,8,CL,1658710563,78,-23.65,-70.4,54.68,2.51
198,686090,Asău,63,RO,1658710746,92,46.4333,26.4,65.32,4.07
199,3833883,Trelew,92,AR,1658710827,77,-43.249,-65.3051,41.29,7.7
200,2126199,Cherskiy,6,RU,1658710827,37,68.75,161.3,62.78,8.16
201,2643044,Margate,100,GB,1658710828,79,51.3813,1.3862,66.31,4.0
202,5546220,Saint George,0,US,1658710458,32,37.1041,-113.5841,97.43,11.5
203,3416888,Grindavik,75,IS,1658710828,100,63.8424,-22.4338,48.67,8.05
204,2094342,Kavieng,8,PG,1658710828,69,-2.5744,150.7967,85.42,11.21
205,4589446,North Myrtle Beach,99,US,1658710828,87,33.816,-78.68,81.12,4.0
206,1213855,Sibolga,100,ID,1658710775,87,1.7427,98.7792,77.36,2.51
207,2381334,Atar,5,MR,1658710829,34,20.5169,-13.0499,94.64,4.03
208,3412093,Vestmannaeyjar,96,IS,1658710829,88,63.4427,-20.2734,51.64,10.6
209,3471451,Arraial do Cabo,4,BR,1658710688,87,-22.9661,-42.0278,71.22,20.89
210,2030065,Mandalgovi,8,MN,1658710830,40,45.7625,106.2708,68.14,11.1
211,1179724,Doaba,99,PK,1658710830,77,33.4244,70.7364,78.21,1.39
212,3520994,Puerto Escondido,100,MX,1658710830,90,15.85,-97.0667,77.45,6.62
213,3903320,Tarija,75,BO,1658710774,68,-21.5355,-64.7296,64.31,5.75
214,2745932,Urk,84,NL,1658710831,73,52.6625,5.6014,73.94,6.42
215,352628,Maţāy,0,EG,1658710831,40,28.419,30.7792,79.21,8.93
216,1002145,George,0,ZA,1658710831,71,-33.963,22.4617,51.26,4.68
217,3466307,Chapada dos Guimarães,0,BR,1658710832,35,-15.4606,-55.7497,67.66,5.93
218,909488,Lukulu,0,ZM,1658710832,48,-14.3707,23.242,52.74,2.39
219,2399001,Mayumba,100,GA,1658710832,88,-3.432,10.6554,70.88,2.71
220,5847411,Kahului,27,US,1658710833,76,20.8947,-156.47,80.83,11.01
221,4362001,Mayo,50,US,1658710833,87,38.8876,-76.5119,89.2,11.54
222,5134295,Rome,0,US,1658710833,88,43.2128,-75.4557,78.87,8.05
223,3843123,Neuquén,75,AR,1658710788,87,-38.9516,-68.0591,46.29,10.36
224,1507116,Dudinka,100,RU,1658710834,81,69.4058,86.1778,56.62,29.04
225,2109528,Buala,97,SB,1658710834,67,-8.145,159.5921,85.87,8.08
226,6149374,Slave Lake,100,CA,1658710835,81,55.2834,-114.769,61.18,4.45
227,6144195,Senneterre,11,CA,1658710835,97,48.3835,-77.2328,64.06,4.97
228,2017155,Saskylakh,15,RU,1658710835,56,71.9167,114.0833,71.19,11.03
229,2119283,Zyryanka,49,RU,1658710835,29,65.75,150.85,75.99,0.85
230,3407357,Araguaína,5,BR,1658710836,38,-7.1911,-48.2072,76.26,3.13
231,2629833,Husavik,60,IS,1658710836,89,66.0449,-17.3389,46.18,2.55
232,4944903,Nantucket,10,US,1658710701,94,41.2835,-70.0995,79.0,24.45
233,2136825,Isangel,11,VU,1658710836,75,-19.55,169.2667,80.73,2.86
234,6113365,Prince George,20,CA,1658710714,46,53.9166,-122.753,74.64,6.91
235,933787,Dutlwe,99,BW,1658710837,32,-23.9833,23.9,56.34,7.25
236,3430443,Necochea,99,AR,1658710837,88,-38.5473,-58.7368,48.16,8.59
237,3628473,San Cristobal,5,VE,1658710837,93,7.7669,-72.225,66.31,2.75
238,2276492,Harper,51,LR,1658710838,76,4.375,-7.7169,73.83,4.88
239,6096551,Pangnirtung,86,CA,1658710838,71,66.1451,-65.7125,51.64,2.42
240,3466165,Cidreira,100,BR,1658710765,89,-30.1811,-50.2056,62.87,5.57
241,1516048,Khovd,0,MN,1658710838,29,48.0056,91.6419,65.82,4.97
242,3418910,Upernavik,100,GL,1658710839,96,72.7868,-56.1549,40.82,6.46
243,2521673,Archidona,16,ES,1658710839,18,37.0965,-4.3887,80.91,1.66
244,2290956,Bouaké,96,CI,1658710835,96,7.6895,-5.0218,68.63,5.41
245,2155562,Nelson Bay,0,AU,1658710839,86,-32.7167,152.15,61.11,5.01
246,1581047,Ha Tinh,7,VN,1658710840,70,18.3333,105.9,82.45,1.52
247,3407903,Almeirim,43,BR,1658710840,75,-1.5233,-52.5817,78.31,3.22
248,2112802,Hasaki,72,JP,1658710747,81,35.7333,140.8333,91.29,14.41
249,4033557,Tautira,14,PF,1658710841,80,-17.7333,-149.15,78.01,16.4
250,6690296,Saint-Joseph,20,RE,1658710841,77,-21.3667,55.6167,64.2,8.41
251,2126785,Belaya Gora,44,RU,1658710841,31,68.5333,146.4167,73.99,7.34
252,5509851,Pahrump,100,US,1658710842,23,36.2083,-115.9839,96.31,12.1
253,5554428,Ketchikan,100,US,1658710658,94,55.3422,-131.6461,59.47,11.5
254,3663475,Maraã,100,BR,1658710842,97,-1.8333,-65.3667,73.31,3.04
255,3420768,Qasigiannguit,97,GL,1658710843,98,68.8193,-51.1922,36.9,1.48
256,3372707,Ribeira Grande,11,PT,1658710738,89,38.5167,-28.7,74.43,5.64
257,3374083,Bathsheba,19,BB,1658710843,92,13.2167,-59.5167,80.06,10.33
258,699328,Novopokrovka,100,UA,1658710843,73,49.8425,36.5477,65.3,3.67
259,537147,Lakhdenpokh'ya,46,RU,1658710844,98,61.5198,30.1992,57.36,4.81
260,2038665,Alihe,6,CN,1658710844,60,50.5667,123.7167,74.86,4.45
261,1106677,Bambous Virieux,52,MU,1658710797,75,-20.3428,57.7575,64.22,7.52
262,469005,Yaransk,8,RU,1658710845,85,57.3033,47.8861,64.31,2.73
263,2128867,Noshiro,74,JP,1658710845,70,40.2039,140.0242,76.62,5.14
264,2384770,Mbaïki,11,CF,1658710846,96,3.8678,17.9892,69.8,1.9
265,1626542,Sorong,100,ID,1658710846,82,-0.8833,131.25,80.94,3.91
266,3938451,Ilave,74,PE,1658710847,70,-16.0833,-69.6667,42.01,1.86
267,1501000,Kyshtovka,55,RU,1658710847,83,56.555,76.6271,56.5,5.57
268,1150965,Ranong,81,TH,1658710847,85,9.9658,98.6348,79.9,3.4
269,3838859,Río Gallegos,0,AR,1658710638,80,-51.6226,-69.2181,26.65,12.66
270,1489853,Tazovsky,100,RU,1658710848,98,67.4667,78.7,47.61,19.35
271,1649150,Bengkulu,100,ID,1658710848,90,-3.8004,102.2655,77.05,7.54
272,3703523,Palmas Bellas,74,PA,1658710849,87,9.2319,-80.0867,79.02,4.85
273,5517061,Big Spring,0,US,1658710838,28,32.2504,-101.4787,97.25,16.11
274,5969025,Haines Junction,100,CA,1658710849,81,60.7522,-137.5108,51.4,3.74
275,2156643,Mount Gambier,100,AU,1658710849,94,-37.8333,140.7667,55.31,13.8
276,5962442,Goderich,39,CA,1658710724,83,43.7501,-81.7165,75.52,10.36
277,485660,Tsimmerbude,89,RU,1658710850,85,54.675,20.1347,59.05,5.79
278,3860443,Comodoro Rivadavia,100,AR,1658710850,58,-45.8667,-67.5,38.26,6.55
279,964712,Plettenberg Bay,0,ZA,1658710851,76,-34.0527,23.3716,52.27,4.52
280,2092164,Lorengau,89,PG,1658710851,68,-2.0226,147.2712,85.6,8.95
281,6113406,Prince Rupert,100,CA,1658710851,94,54.3161,-130.3201,60.89,5.75
282,4738723,Uvalde,0,US,1658710852,29,29.3669,-99.767,98.13,16.11
283,2138555,Poum,0,NC,1658710852,65,-20.2333,164.0167,74.71,11.99
284,1244926,Hambantota,75,LK,1658710852,100,6.1241,81.1185,75.54,0.0
285,336350,Goba,77,ET,1658710853,90,7.0167,39.9833,48.78,4.14
286,2667628,Tranås,100,SE,1658710853,82,58.0372,14.9782,59.4,7.83
287,5989403,Kapuskasing,100,CA,1658710853,88,49.4169,-82.4331,59.09,5.75
288,1731298,Aloleng,61,PH,1658710854,75,16.1307,119.7824,85.32,2.51
289,2132606,Samarai,48,PG,1658710854,81,-10.6167,150.6667,79.84,14.45
290,1651810,Airai,94,TL,1658710854,44,-8.9266,125.4092,66.07,3.09
291,2729907,Longyearbyen,75,SJ,1658710855,93,78.2186,15.6401,46.24,9.22
292,2146219,Hervey Bay,0,AU,1658710855,64,-25.2986,152.8535,67.3,8.63
293,4031637,Lavrentiya,100,RU,1658710826,90,65.5833,-171.0,42.53,10.2
294,3132893,Våler,100,NO,1658710856,97,60.6785,11.8331,58.82,7.47
295,4036284,Alofi,79,NU,1658710752,60,-19.0595,-169.9187,75.09,19.57
296,583345,Aleksandrov Gay,2,RU,1658710856,80,50.147,48.5704,64.27,3.58
297,6255012,Flinders,66,AU,1658710856,77,-34.5833,150.8552,64.38,5.01
298,3109718,Santander,75,ES,1658710857,88,43.4647,-3.8044,70.47,8.05
299,2090021,Namatanai,18,PG,1658710857,69,-3.6667,152.4333,84.83,8.32
300,2122104,Petropavlovsk-Kamchatskiy,100,RU,1658710858,100,53.0452,158.6483,54.19,4.47
301,186180,Moyale,16,KE,1658710858,65,3.5167,39.0584,62.92,12.37
302,3579925,St. George's,88,GD,1658710804,80,12.0564,-61.7485,78.93,10.0
303,779350,Karasjok,100,NO,1658710858,91,69.4719,25.5112,48.7,2.73
304,1090467,Boueni,31,YT,1658710859,68,-12.9025,45.0761,73.38,14.92
305,1280037,Shache,100,CN,1658710844,16,38.4167,77.2406,88.11,13.82
306,4817641,Parkersburg,99,US,1658710600,79,39.2667,-81.5615,84.52,5.46
307,286987,Nizwá,100,OM,1658710859,57,22.9333,57.5333,84.94,3.67
308,4315535,Bastrop,97,US,1658710813,53,32.7562,-91.8724,87.82,14.09
309,569223,Cherepovets,100,RU,1658710859,96,59.1333,37.9,62.15,4.7
310,155921,Liwale,25,TZ,1658710860,98,-9.7667,37.9333,60.35,1.54
311,1859716,Kawai,100,JP,1658710860,49,34.2333,135.85,80.83,1.3
312,3347019,Mossamedes,0,AO,1658710861,86,-15.1961,12.1522,63.45,5.21
313,3836873,San Miguel de Tucumán,0,AR,1658710593,82,-26.8241,-65.2226,62.6,5.75
314,893549,Chipinge,0,ZW,1658710861,63,-20.1883,32.6236,52.95,2.77
315,3357804,Eenhana,0,NA,1658710862,38,-17.4667,16.3333,59.74,6.6
316,6355222,Yulara,0,AU,1658710862,48,-25.2406,130.9889,58.59,17.05
317,2634677,Watford,75,GB,1658710862,84,51.6553,-0.396,68.0,10.36
318,5924351,Clyde River,100,CA,1658710863,100,70.4692,-68.5914,41.23,12.66
319,1337610,Thinadhoo,100,MV,1658710863,74,0.5333,72.9333,82.0,9.91
320,1283240,Kathmandu,75,NP,1658710864,94,27.7167,85.3167,70.02,0.0
321,2206894,Hokitika,100,NZ,1658710864,53,-42.7167,170.9667,52.92,6.91
322,1270961,Gopālpur,100,IN,1658710864,78,19.2667,84.9167,82.44,1.81
323,3471196,Bagé,76,BR,1658710824,88,-31.3314,-54.1069,66.15,5.68
324,2194098,Ahipara,100,NZ,1658710790,96,-35.1667,173.1667,62.49,19.33
325,2255564,Ouésso,100,CG,1658710865,97,1.6136,16.0517,71.33,3.0
326,1492607,Severnoye,100,RU,1658710605,78,56.3491,78.3619,55.4,8.52
327,1529376,Korla,99,CN,1658710830,17,41.7597,86.1469,90.5,17.07
328,2127202,Anadyr,75,RU,1658710865,58,64.75,177.4833,54.1,6.71
329,128234,Kerman,41,IR,1658710830,25,30.2832,57.0788,80.85,2.64
330,2021799,Konstantinovka,1,RU,1658710865,58,49.6167,127.9833,77.74,4.23
331,3489440,Morant Bay,66,JM,1658710866,81,17.8815,-76.4093,78.71,6.91
332,5746545,Portland,0,US,1658710698,43,45.5234,-122.6762,94.87,7.0
333,1275682,Bijni,100,IN,1658710866,88,26.4959,90.703,79.27,3.11
334,3381041,Mana,99,GF,1658710866,91,5.6592,-53.7767,76.91,8.57
335,1608139,Non Sang,7,TH,1658710867,77,16.8687,102.5664,82.31,0.76
336,3401845,Conceição do Araguaia,96,BR,1658710867,39,-8.2578,-49.2647,75.45,2.44
337,2084442,Vanimo,47,PG,1658710867,72,-2.6741,141.3028,84.02,5.57
338,1786538,Yining,72,CN,1658710739,71,29.0361,114.5636,88.86,1.48
339,777019,Vardø,20,NO,1658710868,93,70.3705,31.1107,44.58,4.61
340,1715015,Dicabisagan,85,PH,1658710868,68,17.0818,122.4157,86.9,2.08
341,7117100,Vila,7,PT,1658710868,88,42.0304,-8.1588,53.71,1.88
342,1067565,Beloha,0,MG,1658710869,86,-25.1667,45.05,60.91,2.98
343,3839982,Punta Alta,100,AR,1658710810,88,-38.8759,-62.0736,46.76,13.35
344,1106643,Quatre Cocos,22,MU,1658710869,76,-20.2078,57.7625,64.51,7.49
345,483386,Tereze,98,RU,1658710869,78,43.9361,42.4434,56.05,6.64
346,741098,Ordu,0,TR,1658710870,80,40.9086,37.6845,50.99,6.15
347,3690654,Yurimaguas,29,PE,1658710870,89,-5.9,-76.0833,74.01,2.35
348,1863495,Gushikawa,100,JP,1658710870,84,26.3544,127.8686,87.03,4.52
349,1275426,Bithūr,61,IN,1658710871,79,26.6333,80.2833,80.29,13.35
350,4149635,Callaway,2,US,1658710652,83,30.153,-85.5699,82.99,3.0
351,305742,Kulu,0,TR,1658710871,59,39.0951,33.0799,62.78,7.16
352,3451242,Rio Branco do Sul,100,BR,1658710871,89,-25.19,-49.3142,61.83,1.99
353,3936456,Lima,100,PE,1658710729,81,-12.0432,-77.0282,61.9,13.8
354,140463,Birjand,0,IR,1658710872,23,32.8663,59.2211,77.47,6.91
355,3374210,São Filipe,100,CV,1658710872,83,14.8961,-24.4956,78.31,9.15
356,5594956,Hailey,0,US,1658710872,16,43.5196,-114.3153,89.89,18.01
357,2404423,Potoru,100,SL,1658710872,98,7.5072,-11.4786,71.31,2.33
358,542423,Krasnoborsk,100,RU,1658710873,96,61.5598,45.934,59.74,3.29
359,1490624,Surgut,0,RU,1658710873,76,61.25,73.4167,57.38,4.47
360,3372472,Vila Franca do Campo,42,PT,1658710852,88,37.7167,-25.4333,72.01,2.51
361,1486321,Yar-Sale,100,RU,1658710873,85,66.8333,70.8333,49.17,11.7
362,1263776,Mangan,62,IN,1658710874,78,27.5167,88.5333,77.67,0.51
363,98182,Baghdad,0,IQ,1658710701,18,33.3406,44.4009,84.11,6.91
364,3424901,Aasiaat,99,GL,1658710874,98,68.7098,-52.8699,36.77,4.83
365,5975004,High Level,56,CA,1658710874,33,58.5169,-117.136,73.24,7.05
366,2167426,Emerald,40,AU,1658710875,77,-23.5333,148.1667,66.34,9.22
367,3460087,Jardim,25,BR,1658710875,37,-21.4803,-56.1381,74.23,2.93
368,921786,Mitsamiouli,0,KM,1658710875,68,-11.3847,43.2844,74.98,3.47
369,2343822,Eha Amufu,100,NG,1658710876,97,6.6592,7.7596,72.09,4.94
370,1643837,Gorontalo,29,ID,1658710876,70,0.5412,123.0595,83.35,6.55
371,2245170,Podor,54,MR,1658710876,61,16.6527,-14.9587,85.24,11.3
372,3470709,Barra do Garças,0,BR,1658710876,39,-15.89,-52.2567,72.63,2.01
373,1337607,Kudahuvadhoo,100,MV,1658710877,73,2.6708,72.8944,81.82,11.32
374,3430545,Morón,100,AR,1658710877,99,-34.6534,-58.6198,58.95,11.5
375,2457161,Gao,76,ML,1658710877,43,16.6362,1.637,89.31,7.72
376,609906,Fort-Shevchenko,0,KZ,1658710878,75,44.5086,50.263,72.81,7.23
377,2278158,Buchanan,100,LR,1658710878,78,5.8808,-10.0467,74.71,6.49
378,2012530,Zhigansk,20,RU,1658710783,65,66.7697,123.3711,65.23,8.01
379,2025099,Dauriya,60,RU,1658710878,67,49.9333,116.8667,70.83,14.76
380,1259184,Puri,100,IN,1658710879,77,19.8,85.85,77.52,6.13
381,2121025,Srednekolymsk,100,RU,1658710879,31,67.45,153.6833,71.67,9.95
382,2978758,Saint-Lô,29,FR,1658710879,93,49.1162,-1.0903,61.23,6.2
383,523392,Naryan-Mar,100,RU,1658710879,91,67.6713,53.087,48.81,13.89
384,4951594,Southbridge,95,US,1658710880,67,42.0751,-72.0334,84.06,4.0
385,2212775,Sabha,0,LY,1658710880,30,27.0377,14.4283,79.9,14.92
386,3419842,Sisimiut,85,GL,1658710880,84,66.9395,-53.6735,45.64,5.35
387,1529660,Aksu,100,CN,1658710819,25,41.1231,80.2644,87.85,2.28
388,2663293,Vetlanda,100,SE,1658710881,82,57.4289,15.0776,59.09,6.44
389,3931137,Putina,21,PE,1658710881,70,-15.4667,-69.4333,44.1,10.22
390,217834,Bukama,1,CD,1658710881,40,-9.2,25.85,70.09,3.4
391,544397,Kortkeros,79,RU,1658710882,97,61.8106,51.5806,59.18,4.47
392,3127047,Calatayud,34,ES,1658710882,20,41.3535,-1.6432,79.63,4.23
393,2349788,Ankpa,100,NG,1658710882,98,7.3706,7.6253,70.27,6.71
394,2015913,Suntar,68,RU,1658710882,59,62.1444,117.6319,82.22,4.32
395,898947,Senanga,0,ZM,1658710883,44,-16.1167,23.2667,56.82,5.75
396,1488048,Ulagan,26,RU,1658710883,80,50.6321,87.9563,54.77,0.76
397,3577430,Road Town,20,VG,1658710820,78,18.4167,-64.6167,82.44,12.66
398,2123628,Magadan,100,RU,1658710883,77,59.5667,150.8,58.53,1.39
399,1714733,Dingle,84,PH,1658710884,78,10.9995,122.6711,83.32,0.83
400,1735902,Sibu,84,MY,1658710884,88,2.3,111.8167,78.89,1.92
401,2063523,Perth,0,AU,1658710625,76,-31.9333,115.8333,57.67,12.66
402,2012780,Zabaykal'sk,46,RU,1658710791,68,49.6333,117.3167,70.09,13.56
403,3689167,Barranca de Upía,64,CO,1658710884,95,4.5696,-72.9668,72.52,2.37
404,2134814,Sola,0,VU,1658710885,78,-13.8833,167.55,80.46,6.89
405,3610693,El Porvenir,100,HN,1658710885,62,13.7617,-87.3458,79.93,6.22
406,3430863,Mar del Plata,100,AR,1658710885,97,-38.0023,-57.5575,51.1,7.0
407,5924618,Cochrane,100,CA,1658710838,57,51.1834,-114.4687,77.61,8.72
408,1493162,Salym,99,RU,1658710885,73,60.0625,71.4789,57.2,6.08
409,2179103,Whitianga,100,NZ,1658710886,95,-36.8333,175.7,56.68,25.75
410,1847947,Shingū,44,JP,1658710886,63,33.7333,135.9833,83.86,4.41
411,1622318,Waingapu,40,ID,1658710886,56,-9.6567,120.2641,78.26,13.02
412,6179652,Weyburn,10,CA,1658710887,46,49.6668,-103.8511,72.63,6.13
413,2065594,Mount Isa,0,AU,1658710887,38,-20.7333,139.5,76.77,6.91
414,2122262,Palana,95,RU,1658710887,67,59.1167,159.9667,55.22,7.92
415,3870243,Taltal,5,CL,1658710887,80,-25.4,-70.4833,57.67,3.69
416,650224,Kuopio,0,FI,1658710680,88,62.8924,27.677,58.95,3.44
417,4176409,Vero Beach,20,US,1658710888,77,27.6386,-80.3973,84.99,8.05
418,359792,Aswān,71,EG,1658710888,22,24.0934,32.907,84.16,9.31
419,1269771,Imphal,99,IN,1658710888,96,24.8167,93.95,71.85,0.83
420,5110365,Broome,98,US,1658710842,80,42.2506,-75.833,74.86,7.0
421,3461733,Guiratinga,1,BR,1658710889,41,-16.3494,-53.7583,70.83,4.14
422,1513491,Yangi Marg`ilon,0,UZ,1658710889,22,40.4272,71.7189,81.32,9.22
423,542184,Krasnovishersk,77,RU,1658710889,97,60.4078,57.082,60.64,2.28
424,362973,Abnūb,3,EG,1658710890,30,27.2696,31.1511,82.94,10.96
425,2017215,Sangar,12,RU,1658710890,57,63.9242,127.4739,71.13,4.05
426,3085867,Skała,0,PL,1658710890,79,50.2305,19.8536,62.51,1.14
427,737021,Zonguldak,0,TR,1658710891,80,41.25,31.8333,55.13,4.7
428,2169535,Dalby,10,AU,1658710891,61,-27.1833,151.2667,63.27,2.3
429,1337613,Kulhudhuffushi,74,MV,1658710891,79,6.6221,73.07,80.91,9.17
430,4566137,Manatí,0,PR,1658710892,89,18.4275,-66.4921,81.9,10.42
431,1061335,Mananjary,11,MG,1658710892,93,-21.2167,48.3333,62.91,4.09
432,2026643,Birobidzhan,37,RU,1658710892,75,48.8,132.95,74.64,2.93
433,2152659,Port Macquarie,0,AU,1658710732,61,-31.4333,152.9167,63.9,1.03
434,3663503,Manicoré,13,BR,1658710893,48,-5.8092,-61.3003,77.32,0.98
435,1283285,Jumla,92,NP,1658710893,95,29.2747,82.1838,61.61,1.3
436,3414079,Olafsvik,99,IS,1658710638,82,64.8945,-23.7142,52.02,6.67
437,2742416,Barcelos,61,PT,1658710893,89,41.5388,-8.6151,64.85,2.84
438,236901,Ouadda,100,CF,1658710893,96,8.0777,22.4007,66.99,0.74
439,3372964,Lagoa,0,PT,1658710753,90,39.05,-27.9833,73.02,10.07
440,3468023,Camanducaia,72,BR,1658710853,60,-22.7553,-46.1447,58.87,3.18
441,1512019,Aksarka,99,RU,1658710894,74,66.5606,67.7975,52.7,15.7
442,3832899,Viedma,100,AR,1658710894,76,-40.8135,-62.9967,45.55,11.01
443,5688025,Bismarck,0,US,1658710826,43,46.8083,-100.7837,77.86,0.0
444,5870133,Nome,68,US,1658710894,73,64.5011,-165.4064,55.17,5.79
445,2108857,Gizo Government Station,47,SB,1658710895,70,-8.103,156.8419,83.88,6.46
446,1263780,Mangalore,75,IN,1658710895,94,12.8667,74.8833,76.06,0.0
447,2012938,Yerofey Pavlovich,1,RU,1658710895,55,53.9667,121.9667,76.71,3.09
448,2253354,Dakar,98,SN,1658710896,78,14.6937,-17.4441,76.08,4.41
449,3448334,Raul Soares,8,BR,1658710896,77,-20.1022,-42.4519,64.87,3.06
450,2128975,Nemuro,2,JP,1658710896,88,43.3236,145.575,63.37,3.11
451,2079582,Alyangula,40,AU,1658710896,72,-13.8483,136.4192,76.53,5.75
452,3870282,Talcahuano,100,CL,1658710897,87,-36.7167,-73.1167,54.45,11.43
453,3893629,Coquimbo,8,CL,1658710897,85,-29.9533,-71.3436,54.3,1.41
454,5132016,Port Jervis,100,US,1658710897,93,41.3751,-74.6927,81.82,9.26
455,6539213,Pachino,0,IT,1658710898,60,36.7186,15.0907,81.9,4.85
456,1045114,Inhambane,91,MZ,1658710898,75,-23.865,35.3833,68.07,15.99
457,3174050,Province of Mantua,0,IT,1658710898,71,45.1667,10.7833,83.44,3.0
458,2396518,Port-Gentil,95,GA,1658710898,77,-0.7193,8.7815,73.4,8.23
459,3939761,Hualmay,48,PE,1658710899,83,-11.0964,-77.6139,62.37,11.9
460,2374583,Bubaque,100,GW,1658710899,83,11.2833,-15.8333,78.37,5.99
461,1738050,Marabu,100,MY,1658710899,86,4.4148,114.0089,79.3,4.54
462,2094027,Kieta,8,PG,1658710900,65,-6.2167,155.6333,85.95,5.97
463,3429594,Reconquista,4,AR,1658710812,82,-29.15,-59.65,69.21,7.7
464,6014443,Lac du Bonnet,100,CA,1658710839,68,50.2536,-96.0612,61.97,5.1
465,3698359,Chicama,94,PE,1658710900,81,-7.8447,-79.1469,64.99,6.69
466,1637001,Biak,85,ID,1658710900,70,-0.9131,122.8766,79.34,7.07
467,110690,Faya,100,SA,1658710901,64,18.3851,42.4509,63.05,8.95
468,2035453,Pingzhuang,98,CN,1658710901,65,42.0372,119.2889,77.86,3.91
469,3678000,La Primavera,100,CO,1658710901,94,5.4906,-70.4092,73.96,2.57
470,3142754,Øystese,100,NO,1658710901,93,60.3882,6.1925,62.58,4.59
471,1526273,Nur-Sultan,0,KZ,1658710818,63,51.1801,71.446,60.75,2.24
472,1162275,Zahir Pir,99,PK,1658710902,89,28.8124,70.524,80.49,15.01
473,2206874,Waipawa,100,NZ,1658710902,88,-41.4122,175.5153,46.92,13.58
474,3837213,San Juan,0,AR,1658710837,50,-31.5375,-68.5364,60.4,7.54
475,708613,Hołoby,100,UA,1658710902,92,51.0865,25.0077,58.05,6.85
476,2522325,Agüimes,0,ES,1658710785,67,27.9054,-15.4461,74.03,18.41
477,4998842,Lapeer,75,US,1658710903,88,43.0514,-83.3188,75.2,5.75
478,1259385,Port Blair,80,IN,1658710848,79,11.6667,92.75,81.86,2.06
479,582447,Almaznyy,1,RU,1658710903,66,48.0448,40.045,65.07,5.48
480,3625710,Upata,100,VE,1658710903,97,8.0086,-62.3989,74.19,3.87
481,1650434,Bambanglipuro,55,ID,1658710904,67,-7.95,110.2833,76.71,14.36
482,2023584,Imeni Poliny Osipenko,5,RU,1658710875,68,52.4201,136.4853,76.01,5.75
483,2112309,Katsuura,100,JP,1658710904,81,35.1333,140.3,82.45,11.43
484,2027296,Aykhal,100,RU,1658710904,86,66.0,111.5,66.85,14.74
485,1855540,Naze,16,JP,1658710905,75,28.3667,129.4833,82.56,0.6
486,5972762,Hay River,12,CA,1658710838,77,60.8156,-115.7999,60.22,8.81
487,3587498,Acajutla,82,SV,1658710905,78,13.5928,-89.8275,80.51,3.22
488,2022083,Alekseyevsk,34,RU,1658710905,68,57.8406,108.3492,71.56,2.19
489,5859699,College,86,US,1658710802,34,64.8569,-147.8028,74.59,3.87
490,2630299,Hofn,58,IS,1658710906,89,64.2539,-15.2082,51.08,5.95
491,2165087,Gold Coast,0,AU,1658710906,72,-28.0,153.4333,70.77,9.22
492,3353383,Rundu,0,NA,1658710906,42,-17.9333,19.7667,57.31,5.64
493,2265447,Olhão,0,PT,1658710707,32,37.0286,-7.8411,84.09,2.3
494,1795196,Tongchuanshi,5,CN,1658710811,65,35.0806,109.0897,78.19,4.14
495,1254346,Tirur,100,IN,1658710907,88,10.9,75.9167,74.39,8.21
496,5234141,Brattleboro,73,US,1658710907,80,42.8509,-72.5579,79.63,5.99
497,6067747,Matagami,13,CA,1658710907,95,49.7502,-77.6328,61.66,5.88
498,933102,Sekoma,100,BW,1658710907,28,-24.4,23.8833,54.86,7.47
499,4920986,Griffith,0,US,1658710671,69,41.5284,-87.4237,81.95,9.22
500,1502822,Kolyvan',100,RU,1658710908,92,55.3053,82.7391,53.22,9.71
501,4470244,Havelock,44,US,1658710908,90,34.8791,-76.9013,80.94,4.0
502,3041732,Mariehamn,0,AX,1658710908,100,60.0973,19.9348,49.86,1.14
503,5367788,Lompoc,75,US,1658710660,75,34.6391,-120.4579,80.02,11.01
504,2142316,Yeppoon,26,AU,1658710826,76,-23.1333,150.7333,67.78,8.46
505,486186,Suoyarvi,83,RU,1658710909,98,62.0833,32.35,56.3,5.82
506,3839307,Rawson,80,AR,1658710853,75,-43.3002,-65.1023,42.06,8.95
507,2027042,Batagay-Alyta,10,RU,1658710909,55,67.8006,130.4114,67.44,6.67
508,515879,Oktyabr'skiy,13,RU,1658710910,84,54.4815,53.471,63.03,4.0
509,921772,Moroni,0,KM,1658710910,75,-11.7022,43.2551,72.3,8.72
510,5811704,Spokane,52,US,1658710752,18,47.6166,-117.3677,94.33,4.0
511,3864299,Bermejo,19,AR,1658710910,68,-32.8833,-68.8,58.03,4.12
512,511865,Pechenga,52,RU,1658710910,81,69.5259,31.1703,47.3,3.15
513,2236967,Soyo,74,AO,1658710774,93,-6.1349,12.3689,69.44,4.23
514,1485904,Yermakovskoye,92,RU,1658710911,83,53.2831,92.4003,58.03,9.06
515,5195561,Johnstown,100,US,1658710911,83,40.3267,-78.922,83.19,3.65
516,6180550,Whitehorse,100,CA,1658710911,82,60.7161,-135.0538,56.17,8.05
517,3465145,Crixás,0,BR,1658710912,35,-14.5489,-49.9692,73.85,5.53
518,1337612,Dhidhdhoo,38,MV,1658710912,78,6.8833,73.1,81.03,9.35
519,2034691,Songjianghe,45,CN,1658710912,70,42.1859,127.479,72.68,6.29
520,3170027,Potenza,0,IT,1658710913,72,40.6443,15.8086,66.92,1.99
521,3382160,Cayenne,0,GF,1658710806,1,4.9333,-52.3333,83.08,3.44
522,2122389,Ossora,100,RU,1658710913,66,59.2353,163.0719,58.69,8.86
523,3356832,Henties Bay,0,NA,1658710913,87,-22.116,14.2845,54.57,3.2
524,6533368,Moranbah,0,AU,1658710897,54,-22.0016,148.0466,68.9,11.07
525,2037494,Erdaojiang,73,CN,1658710914,88,41.7764,126.0319,73.71,6.02
526,2125693,Evensk,11,RU,1658710914,52,61.95,159.2333,61.5,7.27
527,4031574,Provideniya,100,RU,1658710914,76,64.3833,-173.3,46.51,7.0
528,304041,Muş Province,0,TR,1658710914,63,39.0,41.75,54.48,5.32
529,5961417,Gimli,76,CA,1658710915,63,50.6336,-96.9907,64.0,11.18
530,2068655,Katherine,9,AU,1658710915,50,-14.4667,132.2667,75.52,2.3
531,6173361,Vanderhoof,100,CA,1658710915,67,54.0166,-124.0198,63.03,6.73
532,3932145,Pisco,1,PE,1658710916,85,-13.7,-76.2167,60.03,4.27
533,5563397,Eureka,61,US,1658710661,79,40.8021,-124.1637,65.19,4.0
534,3445026,Vila Velha,31,BR,1658710916,85,-20.3297,-40.2925,70.95,3.24
535,1628884,Sampit,45,ID,1658710916,77,-2.5333,112.95,78.84,5.35
536,2450173,Taoudenni,91,ML,1658710853,27,22.6783,-3.9836,92.57,19.93
537,2012593,Zeya,4,RU,1658710917,48,53.75,127.2667,82.42,3.53
538,2701680,Karlstad,100,SE,1658710917,82,59.3793,13.5036,63.16,9.22
539,1609032,Lopburi,23,TH,1658710917,92,14.7981,100.654,82.15,0.96
540,3685702,Cravo Norte,100,CO,1658710917,94,6.3017,-70.2041,74.91,3.76
541,104515,Makkah al Mukarramah,28,SA,1658710918,66,21.4267,39.8261,84.15,12.77
542,2153953,Pakenham,26,AU,1658710918,73,-38.0667,145.4833,64.94,4.0
543,667091,Sinaia,88,RO,1658710918,75,45.35,25.55,63.77,5.23
544,64814,Bandarbeyla,85,SO,1658710919,73,9.4942,50.8122,77.41,25.99
545,1266433,Kuchinda,100,IN,1658710919,90,21.7333,84.35,76.87,3.4
546,3470137,Belmonte,44,BR,1658710919,81,-15.8631,-38.8828,70.63,7.63
547,5972291,Havre-St-Pierre,94,CA,1658710920,80,50.2334,-63.5986,61.36,4.72
548,1024312,Mocuba,0,MZ,1658710920,96,-16.8392,36.9856,60.89,1.88
549,2270385,Camacha,20,PT,1658710920,78,33.0833,-16.3333,69.22,6.91
550,2633274,Akureyri,45,IS,1658710920,93,65.6835,-18.0878,48.45,0.81
551,2019135,Nizhniy Kuranakh,68,RU,1658710921,45,58.8353,125.4869,83.68,2.53
552,902721,Mwense,23,ZM,1658710921,65,-10.3845,28.698,61.5,4.32
553,1529102,Ürümqi,75,CN,1658710921,64,43.801,87.6005,72.55,6.71
554,1229989,Point Pedro,100,LK,1658710922,81,9.8167,80.2333,80.98,10.89
555,2071860,Esperance,0,AU,1658710852,62,-33.8667,121.9,52.61,15.12
556,3580279,Gouyave,67,GD,1658710922,77,12.1646,-61.7296,79.5,12.15
557,1070940,Fenoarivo,40,MG,1658710923,100,-18.933,47.4354,48.27,2.3
558,3381538,Grand-Santi,100,GF,1658710923,90,4.25,-54.3833,75.87,2.59
559,778362,Øksfjord,43,NO,1658710923,85,70.2396,22.3479,48.99,5.3
560,3392020,Pio IX,64,BR,1658710923,48,-6.8375,-40.5792,73.89,9.95
561,1488903,Turukhansk,87,RU,1658710922,66,65.8167,87.9833,60.08,12.62
562,3145689,Moelv,100,NO,1658710924,99,60.9333,10.7,56.68,3.74
563,217695,Bunia,42,CD,1658710859,93,1.5667,30.25,61.59,1.77
564,2033536,Yakeshi,100,CN,1658710924,66,49.2833,120.7333,70.61,14.85
565,1637001,Luwuk,95,ID,1658710925,69,-0.9516,122.7875,81.77,5.95
566,155584,Lupiro,96,TZ,1658710925,73,-8.3833,36.6667,69.39,5.79
567,4513583,Hamilton,100,US,1658710875,82,39.1834,-84.5333,84.43,1.99
568,1626703,Soe,15,ID,1658710925,51,-9.8607,124.284,69.78,4.85
569,1283334,Ilām,85,NP,1658710926,83,26.9167,87.9167,71.13,2.01
570,2172797,Cairns,100,AU,1658710926,67,-16.9167,145.7667,79.07,12.66
571,1490918,Staryy Nadym,93,RU,1658710791,77,65.6118,72.6842,51.78,13.29
572,1492566,Severo-Yeniseyskiy,55,RU,1658710926,71,60.3725,93.0408,59.16,4.38
573,561999,Garbolovo,19,RU,1658710927,98,60.3413,30.4955,56.37,4.0
574,2173911,Broken Hill,20,AU,1658710762,46,-31.95,141.4333,62.87,15.3
575,57000,Hobyo,15,SO,1658710927,85,5.3505,48.5268,75.04,24.34
576,3902377,La Santisima Trinidad,96,BO,1658710927,48,-14.8333,-64.9,82.49,3.83
577,2219235,Ubari,0,LY,1658710928,23,26.5921,12.7805,79.25,6.98
578,2514651,Los Llanos de Aridane,0,ES,1658710928,73,28.6585,-17.9182,71.35,8.05
579,4297983,Lexington,100,US,1658710887,68,37.9887,-84.4777,84.69,10.36
580,5158275,Huron,100,US,1658710928,89,41.1501,-82.5499,82.0,17.16
